Series Name,Series Code,Country Name,Country Code,1990 [YR1990],2000 [YR2000],2010 [YR2010],2011 [YR2011],2012 [YR2012],2013 [YR2013],2014 [YR2014],2015 [YR2015],2016 [YR2016],2017 [YR2017],2018 [YR2018],2019 [YR2019]
Forest area (% of land area),AG.LND.FRST.ZS,Afghanistan,AFG,2.06782464846981,2.06782464846981,2.06782464846981,2.06782464846981,2.06782464846981,2.06782464846981,2.06782464846981,2.06782464846981,2.06782464846981,..,..,..
Forest area (% of land area),AG.LND.FRST.ZS,Albania,ALB,28.7883207223711,28.0766418902543,28.3321163428091,28.2970812720974,28.2620439738253,28.2270066755531,28.1919716048415,28.1569343065693,28.1218970082972,..,..,..
Forest area (% of land area),AG.LND.FRST.ZS,Algeria,DZA,0.699908470278032,0.662960692602887,0.805293608874184,0.808484543059251,0.811675477244317,0.814866462681959,0.818057396867022,0.821248331052088,0.824439265237154,..,..,..
Forest area (% of land area),AG.LND.FRST.ZS,American Samoa,ASM,91.949996948242,90.2499961853025,88.5499954223635,88.400001525879,88.199996948242,88.050003051758,87.8999996185305,87.7000045776365,87.5,..,..,..
Forest area (% of land area),AG.LND.FRST.ZS,Andorra,AND,34.0425531914894,34.0425531914894,34.0425531914894,34.0425531914894,34.0425531914894,34.0425531914894,34.0425531914894,34.0425531914894,34.0425531914894,..,..,..
Forest area (% of land area),AG.LND.FRST.ZS,Angola,AGO,48.9099221945937,47.9088794417262,46.9078366888586,46.8077317869175,46.7076268849763,46.6075251163071,46.5074202143659,46.4073153124248,46.3072104104837,..,..,..
Forest area (% of land area),AG.LND.FRST.ZS,Antigua and Barbuda,ATG,23.4090913425793,22.7272727272727,22.2727277062156,22.2727277062156,22.2727277062156,22.2727277062156,22.2727277062156,22.2727277062156,22.2727277062156,..,..,..
Forest area (% of land area),AG.LND.FRST.ZS,Argentina,ARG,12.7135335021504,11.6418008616248,10.449119191432,10.3406667246747,10.2322149715989,10.1237625048416,10.0153107517658,9.90685828500853,9.79840581825125,..,..,..
Forest area (% of land area),AG.LND.FRST.ZS,Armenia,ARM,11.7667720407446,11.6965226554268,11.6262732701089,11.6332986374089,11.6403229327883,11.6473483000884,11.6543725954678,11.6613979627678,11.6684233300678,..,..,..
Forest area (% of land area),AG.LND.FRST.ZS,Aruba,ABW,2.33333326048321,2.33333326048321,2.33333326048321,2.33333326048321,2.33333326048321,2.33333326048321,2.33333326048321,2.33333326048321,2.33333326048321,..,..,..
Forest area (% of land area),AG.LND.FRST.ZS,Australia,AUS,16.7320984600966,16.771149265194,16.0382958228655,16.0783879827656,16.1184801426656,16.1585723025656,16.1986644624657,16.2387566223657,16.2582780595994,..,..,..
Forest area (% of land area),AG.LND.FRST.ZS,Austria,AUT,45.7253572293533,46.4761443448777,46.7476496906663,46.7751145400785,46.80088081547,46.8357354847977,46.862087450764,46.8839001438401,46.9057128369164,..,..,..
Forest area (% of land area),AG.LND.FRST.ZS,Azerbaijan,AZE,10.2382926565485,10.5538404187757,12.1987518806178,12.5156674971075,12.8328778254808,13.1499281333018,13.4664853684559,13.783676509869,14.0996733412023,..,..,..
Forest area (% of land area),AG.LND.FRST.ZS,"Bahamas, The",BHS,51.4485514485514,51.4485514485514,51.4485514485514,51.4485514485514,51.4485514485514,51.4485514485514,51.4485514485514,51.4485514485514,51.4485514485514,..,..,..
Forest area (% of land area),AG.LND.FRST.ZS,Bahrain,BHR,0.318840577982474,0.521126767279397,0.695538048052372,0.704041776979559,0.727272730369073,0.740259730970705,0.765239929248496,0.771208226614975,0.784061684289783,..,..,..
Forest area (% of land area),AG.LND.FRST.ZS,Bangladesh,BGD,11.4772989168011,11.2775601136975,11.0778213105938,11.0578476178387,11.0378739250836,11.0178992945524,10.9979256017972,10.977951909042,10.9579782162869,..,..,..
Forest area (% of land area),AG.LND.FRST.ZS,Barbados,BRB,14.6511632342671,14.6511632342671,14.6511632342671,14.6511632342671,14.6511632342671,14.6511632342671,14.6511632342671,14.6511632342671,14.6511632342671,..,..,..
Forest area (% of land area),AG.LND.FRST.ZS,Belarus,BLR,38.3553539735752,40.7858410569907,42.0601281419418,42.1561302578729,42.2542004075083,42.3526911922255,42.4371678885104,42.53416462721,42.6301064968239,..,..,..
Forest area (% of land area),AG.LND.FRST.ZS,Belgium,BEL,..,22.0376482098074,22.4966978932309,22.5112290174517,22.5257601416725,22.5402912658933,22.5548223901141,22.569353514335,22.5838846385558,..,..,..
Forest area (% of land area),AG.LND.FRST.ZS,Belize,BLZ,70.8474366197668,63.976328313377,60.9991238337764,60.7790440647606,60.5589642957449,60.3393233590666,60.1192435900509,59.8991691726493,59.6790894036335,..,..,..
Forest area (% of land area),AG.LND.FRST.ZS,Benin,BEN,51.0908123448031,44.8829372117772,40.4487406881873,40.0053210358283,39.5619013834693,39.1184817311103,38.6750620787513,38.2316424263923,37.7882227740334,..,..,..
Forest area (% of land area),AG.LND.FRST.ZS,Bermuda,BMU,18.5185181914697,18.5185181914697,18.5185181914697,18.5185181914697,18.5185181914697,18.5185181914697,18.5185181914697,18.5185181914697,18.5185181914697,..,..,..
Forest area (% of land area),AG.LND.FRST.ZS,Bhutan,BTN,53.6504519342409,65.4773869346734,70.9733209255041,71.2338328169917,71.494344708479,71.7548630049991,72.0153748964867,72.275624181637,72.484536714606,..,..,..
Forest area (% of land area),AG.LND.FRST.ZS,Bolivia,BOL,57.966398966122,55.4703221637589,51.8868272869934,51.6200498476876,51.3532724083818,51.086494969076,50.8197175297701,50.5529400904643,50.2861626511585,..,..,..
Forest area (% of land area),AG.LND.FRST.ZS,Bosnia and Herzegovina,BIH,43.1640625,42.67578125,42.67578125,42.67578125,42.67578125,42.67578125,42.67578125,42.67578125,42.67578125,..,..,..
Forest area (% of land area),AG.LND.FRST.ZS,Botswana,BWA,24.2055299701798,22.1181162105412,20.02893794223,19.8486048112637,19.6682716802975,19.4879402724843,19.307607141518,19.1272740105518,18.9469408795855,..,..,..
Forest area (% of land area),AG.LND.FRST.ZS,Brazil,BRA,65.4098878458604,62.367225243894,59.6374312945225,59.5197017518252,59.4019722091279,59.2842426664306,59.1665131237333,59.048783581036,58.9310540383387,..,..,..
Forest area (% of land area),AG.LND.FRST.ZS,British Virgin Islands,VGB,24.7333335876465,24.466667175293,24.2666673660278,24.2666673660278,24.2000007629395,24.2000007629395,24.1333325703939,24.1333325703939,24.1333325703939,..,..,..
Forest area (% of land area),AG.LND.FRST.ZS,Brunei Darussalam,BRN,78.3681214421252,75.3320683111954,72.1062618595825,72.1062618595825,72.1062618595825,72.1062618595825,72.1062618595825,72.1062618595825,72.1062618595825,..,..,..
Forest area (% of land area),AG.LND.FRST.ZS,Bulgaria,BGR,30.0732170297388,30.507095724487,34.4233603537214,34.5817976342288,34.7402349147361,34.8986744441438,35.0571117246512,35.2155490051584,35.3739862856658,..,..,..
Forest area (% of land area),AG.LND.FRST.ZS,Burkina Faso,BFA,25.0255847953216,22.8362573099415,20.6469298245614,20.4283632869609,20.2097949647067,19.9912284271062,19.772660104852,19.5540935672515,19.335527029651,..,..,..
Forest area (% of land area),AG.LND.FRST.ZS,Burundi,BDI,11.2538940809969,7.71028037383178,9.85202492211838,10.0311528856509,10.2102808491835,10.3894076243368,10.5685355878693,10.7476635514019,10.9267915149344,..,..,..
Forest area (% of land area),AG.LND.FRST.ZS,Cabo Verde,CPV,14.3300248138958,20.3697261384344,21.1141430118835,21.3523580773593,21.5930512761951,21.8312663416709,22.0694795139966,22.3076926863223,22.545905858648,..,..,..
Forest area (% of land area),AG.LND.FRST.ZS,Cambodia,KHM,73.328801268978,65.4090188080671,57.1833220031724,56.4615885416667,55.739860612466,55.0181271509602,54.2963992217596,53.5746657602538,52.852932298748,..,..,..
Forest area (% of land area),AG.LND.FRST.ZS,Cameroon,CMR,51.4395718305092,46.785555626071,42.1315394216327,41.6661378011889,41.2007361807451,40.7353345603012,40.2699329398574,39.8045313194136,39.3391296989698,..,..,..
Forest area (% of land area),AG.LND.FRST.ZS,Canada,CAN,38.299072635319,38.2472774539204,38.1922931849198,38.1871693383523,38.1820454917848,38.1769182087005,38.171794362133,38.1666705155655,38.161546668998,..,..,..
Forest area (% of land area),AG.LND.FRST.ZS,Cayman Islands,CYM,52.9166658719379,52.9166658719379,52.9166658719379,52.9166658719379,52.9166658719379,52.9166658719379,52.9166658719379,52.9166658719379,52.9166658719379,..,..,..
Forest area (% of land area),AG.LND.FRST.ZS,Central African Republic,CAF,36.2130405470481,35.9626312241163,35.7122219011846,35.687181595918,35.6621412906514,35.637097850252,35.6120575449854,35.5870172397188,35.5619769344521,..,..,..
Forest area (% of land area),AG.LND.FRST.ZS,Chad,TCD,5.32480940279543,5.02382465057179,4.37420584498094,4.27366574201378,4.17312563904662,4.07258592385046,3.9720458208833,3.87150571791614,3.77096561494898,..,..,..
Forest area (% of land area),AG.LND.FRST.ZS,Channel Islands,CHI,4.04040425629681,4.04040425629681,4.04040425629681,4.04040425629681,4.04040425629681,4.04040425629681,4.04040425629681,4.04040425629681,4.04040425629681,..,..,..
Forest area (% of land area),AG.LND.FRST.ZS,Chile,CHL,20.5276966674057,21.2956528226234,21.8295908149552,22.2341474024425,22.6387013631096,23.0432579505969,23.4478119112639,23.8523684987512,24.2569250862385,..,..,..
Forest area (% of land area),AG.LND.FRST.ZS,China,CHN,16.7380069501771,18.8534674304607,21.3683194309246,21.5325896080577,21.6968597851907,21.8611299623238,22.0253984751355,22.1896686522686,22.3539418057329,..,..,..
Forest area (% of land area),AG.LND.FRST.ZS,Colombia,COL,58.0594862550698,55.6993613395674,52.8484184880577,52.824336694457,52.8002619423164,52.7761801487156,52.752105396575,52.7280200822443,52.7039382886435,..,..,..
Forest area (% of land area),AG.LND.FRST.ZS,Comoros,COM,26.3299292815414,24.1805472993748,20.9564743261248,20.741535307984,20.5265983396536,20.3116593215127,20.0967223531823,19.8817833350415,19.6668443169007,..,..,..
Forest area (% of land area),AG.LND.FRST.ZS,"Congo, Dem. Rep.",COD,70.7364195761011,69.3628283452063,67.9892371143116,67.8518752343354,67.7145202465759,67.5771583665998,67.4398033788404,67.3024414988642,67.165079618888,..,..,..
Forest area (% of land area),AG.LND.FRST.ZS,"Congo, Rep.",COG,66.5475841874085,66.0497803806735,65.6251830161054,65.5800867038799,65.5349903916545,65.4898997986823,65.4448034864568,65.3997071742313,65.3546108620059,..,..,..
Forest area (% of land area),AG.LND.FRST.ZS,Costa Rica,CRI,50.2154328241285,46.5334900117509,51.0184097140619,51.6098697840164,52.2013298539708,52.7927947053711,53.3842547753257,53.9757148452801,54.5671749152346,..,..,..
Forest area (% of land area),AG.LND.FRST.ZS,Cote d'Ivoire,CIV,32.1446540880503,32.4779874213836,32.7138364779874,32.7125773879717,32.7113213689072,32.7100622788915,32.708806259827,32.7075471698113,32.7062880797956,..,..,..
Forest area (% of land area),AG.LND.FRST.ZS,Croatia,HRV,33.0888928635307,33.7148989447326,34.3102215868478,34.3173699859553,34.3245183850631,34.3316646027856,34.3388130018931,34.3459614010007,34.3531098001083,..,..,..
Forest area (% of land area),AG.LND.FRST.ZS,Cuba,CUB,19.1620111731844,22.6722532588454,27.5460353250658,27.9385769838371,28.5507598910791,29.6756865172532,30.2480282863271,30.763314747164,31.2786012080009,..,..,..
Forest area (% of land area),AG.LND.FRST.ZS,Curacao,CUW,..,..,..,..,..,..,..,..,..,..,..,..
Forest area (% of land area),AG.LND.FRST.ZS,Cyprus,CYP,17.4361472522026,18.5725108885662,18.7056273092956,18.7023806881595,18.6991340670235,18.6969691024714,18.6937224813354,18.6904758601993,18.6872292390633,..,..,..
Forest area (% of land area),AG.LND.FRST.ZS,Czech Republic,CZE,34.0235537724861,34.127086838359,34.3992749870533,34.4251683065769,34.4555224653632,34.4858844858845,34.5117845117845,34.5421577515866,34.5635845635846,..,..,..
Forest area (% of land area),AG.LND.FRST.ZS,Denmark,DNK,12.8143432933954,13.7991986801791,13.8369072728244,13.9552202478715,14.2210053500462,14.3405566359736,14.4601093754651,14.5796621149567,14.6992134008841,..,..,..
Forest area (% of land area),AG.LND.FRST.ZS,Djibouti,DJI,0.241587571381906,0.241587571381906,0.241587571381906,0.241587571381906,0.241587571381906,0.241587571381906,0.241587571381906,0.241587571381906,0.241587571381906,..,..,..
Forest area (% of land area),AG.LND.FRST.ZS,Dominica,DMA,66.6666666666667,63.1066691080729,59.5466664632161,59.1866658528645,58.8400014241536,58.4800008138021,58.1333312988281,57.7733357747396,57.413335164388,..,..,..
Forest area (% of land area),AG.LND.FRST.ZS,Dominican Republic,DOM,22.8731111571103,30.7596770854895,37.6112606085697,38.2984879149634,38.9857177481693,39.672945054563,40.3601748877692,41.0474021941627,41.7346295005564,..,..,..
Forest area (% of land area),AG.LND.FRST.ZS,Ecuador,ECU,52.8494784329396,55.278305370732,52.1080672020958,51.7910304094862,51.4739896848325,51.1569882806209,50.8399514880114,50.5229500837997,50.2059526116323,..,..,..
Forest area (% of land area),AG.LND.FRST.ZS,"Egypt, Arab Rep.",EGY,0.0442011150735848,0.0592696770304887,0.0703199557988849,0.0709226967443077,0.0715254376897305,0.0721281862994202,0.072730927244843,0.0733336681902657,0.0739364091356885,..,..,..
Forest area (% of land area),AG.LND.FRST.ZS,El Salvador,SLV,18.1949806949807,16.023166023166,13.8513513513514,13.6389964335674,13.4266415157834,13.2142851251433,13.0019302073593,12.7895752895753,12.5772203717913,..,..,..
Forest area (% of land area),AG.LND.FRST.ZS,Equatorial Guinea,GNQ,66.3101604278075,62.1390374331551,57.9679144385027,57.5543680718025,57.1408217051027,56.7272709865198,56.3137246198196,55.9001782531194,55.4866318864192,..,..,..
Forest area (% of land area),AG.LND.FRST.ZS,Eritrea,ERI,16.049504950495,15.6039603960396,15.1683168316832,15.1247522335242,15.0811876353651,15.0376242458231,14.994059647664,14.950495049505,14.9069304513459,..,..,..
Forest area (% of land area),AG.LND.FRST.ZS,Estonia,EST,52.0405756074546,52.9134229771172,52.7011087520642,52.6916748680408,52.6822352246256,51.3641603135066,51.3549551953934,51.3457556935818,51.3365561917702,..,..,..
Forest area (% of land area),AG.LND.FRST.ZS,Eswatini,SWZ,27.4418604651163,30.1162790697674,32.7325581395349,32.9999985805778,33.2674425701762,33.5348830112191,33.8023270008176,34.0697674418605,34.3372078829034,..,..,..
Forest area (% of land area),AG.LND.FRST.ZS,Ethiopia,ETH,..,13.705,12.296,12.336599609375,12.3772001953125,12.4177998046875,12.458400390625,12.499,12.539599609375,..,..,..
Forest area (% of land area),AG.LND.FRST.ZS,Faroe Islands,FRO,0.0573065864714499,0.0573065864714499,0.0573065864714499,0.0573065864714499,0.0573065864714499,0.0573065864714499,0.0573065864714499,0.0573065864714499,0.0573065864714499,..,..,..
Forest area (% of land area),AG.LND.FRST.ZS,Fiji,FJI,52.1565421135229,53.6639300734212,54.3459236132492,54.6119326636905,54.8779417141319,55.1439507645731,55.4099631557455,55.6759722061866,55.9419812566278,..,..,..
Forest area (% of land area),AG.LND.FRST.ZS,Finland,FIN,71.8178535079944,73.6892215765455,73.1095755182626,73.1119813090263,73.1119813090263,73.1119813090263,73.1119813090263,73.1071698858215,73.1071698858215,..,..,..
Forest area (% of land area),AG.LND.FRST.ZS,France,FRA,26.3639444159487,27.9216976518641,29.9950511715426,30.2014223833292,30.4077935951159,30.6141648069026,30.8205360186893,31.0269072304759,31.2332784422626,..,..,..
Forest area (% of land area),AG.LND.FRST.ZS,French Polynesia,PYF,15.0273224043716,28.6885245901639,42.3497267759563,42.3497267759563,42.3497267759563,42.3497267759563,42.3497267759563,42.3497267759563,42.3497267759563,..,..,..
Forest area (% of land area),AG.LND.FRST.ZS,Gabon,GAB,85.380525478325,85.380525478325,85.380525478325,86.1567120735825,86.93289866884,87.7090852640975,88.485271859355,89.2614584546125,90.03764504987,..,..,..
Forest area (% of land area),AG.LND.FRST.ZS,"Gambia, The",GMB,43.6758893280632,45.5533596837945,47.4308300395257,47.5889334094383,47.7470367793509,47.9051371336926,48.0632405036051,48.2213438735178,48.3794472434304,..,..,..
Forest area (% of land area),AG.LND.FRST.ZS,Georgia,GEO,39.6028205497194,39.7265807692654,40.6159145538027,40.6159145538027,40.6159145538027,40.6159145538027,40.6159145538027,40.6159145538027,40.6159145538027,..,..,..
Forest area (% of land area),AG.LND.FRST.ZS,Germany,DEU,32.3661673302208,32.5376128385155,32.7308718478354,32.7375487720909,32.7451655477133,32.7189864709929,32.7228432215535,32.7324234474218,32.6912067781085,..,..,..
Forest area (% of land area),AG.LND.FRST.ZS,Ghana,GHA,37.9142128856465,39.1535554188275,40.4104772787202,40.535292215105,40.660102859662,40.7849177960468,40.9097284406039,41.0345433769887,41.1593583133735,..,..,..
Forest area (% of land area),AG.LND.FRST.ZS,Gibraltar,GIB,0,0,0,0,0,0,0,0,0,..,..,..
Forest area (% of land area),AG.LND.FRST.ZS,Greece,GRC,25.5934833204034,27.9363847944143,30.2792862684251,30.51357603702,30.7478658056148,30.9821574682409,31.2164472368358,31.4507370054306,31.6850267740254,..,..,..
Forest area (% of land area),AG.LND.FRST.ZS,Greenland,GRL,0.000643839621913687,0.000535997073475227,0.000535997073475227,0.000535997073475227,0.000535997073475227,0.000535997073475227,0.000535997073475227,0.000535997073475227,0.000535997073475227,..,..,..
Forest area (% of land area),AG.LND.FRST.ZS,Grenada,GRD,49.9705875621124,49.9705875621124,49.9705875621124,49.9705875621124,49.9705875621124,49.9705875621124,49.9705875621124,49.9705875621124,49.9705875621124,..,..,..
Forest area (% of land area),AG.LND.FRST.ZS,Guam,GUM,46.2962962962963,46.2962962962963,46.2962962962963,46.2962962962963,46.2962962962963,46.2962962962963,46.2962962962963,46.2962962962963,46.2962962962963,..,..,..
Forest area (% of land area),AG.LND.FRST.ZS,Guatemala,GTM,44.307577454274,39.2683837252706,34.7331093691676,34.3934312957843,34.0537509441198,33.7140728707366,33.3743925190719,33.0347144456887,32.6950363723054,..,..,..
Forest area (% of land area),AG.LND.FRST.ZS,Guinea,GIN,29.5621032069022,28.0970209995116,26.6319387921211,26.4854305713821,26.338922350643,26.192414129904,26.0459059091649,25.8993976884259,25.7528894676868,..,..,..
Forest area (% of land area),AG.LND.FRST.ZS,Guinea-Bissau,GNB,78.8051209103841,75.3911806543386,71.9061166429588,71.5504978662873,71.1948790896159,70.8392603129445,70.4836415362731,70.1280227596017,69.7724039829303,..,..,..
Forest area (% of land area),AG.LND.FRST.ZS,Guyana,GUY,84.6329692659385,84.4399288798578,84.2062484124968,84.1554483108966,84.1046482092964,84.0538481076962,84.003048006096,83.9522479044958,83.9014478028956,..,..,..
Forest area (% of land area),AG.LND.FRST.ZS,Haiti,HTI,4.20899854862119,3.95500725689405,3.66473149492017,3.63570380799136,3.60667639789111,3.5776487109623,3.54862130086204,3.51959361393324,3.49056592700443,..,..,..
Forest area (% of land area),AG.LND.FRST.ZS,Honduras,HND,72.714272946644,57.1275359728305,46.4027169541514,45.3302350522835,44.2577531504156,43.1852712485477,42.1127893466798,41.0403074448119,39.967825542944,..,..,..
Forest area (% of land area),AG.LND.FRST.ZS,"Hong Kong SAR, China",HKG,..,..,..,..,..,..,..,..,..,..,..,..
Forest area (% of land area),AG.LND.FRST.ZS,Hungary,HUN,20.0400578613553,21.3903146619058,22.6002430133657,22.6510559776455,22.7018662451329,22.7526792094127,22.8034894768999,22.8543024411797,22.9051154054595,..,..,..
Forest area (% of land area),AG.LND.FRST.ZS,Iceland,ISL,0.160598507545832,0.287281787900853,0.425935169705132,0.438902743142145,0.451870316579157,0.464837890016171,0.477805501505026,0.49077307494204,0.503740648379052,..,..,..
Forest area (% of land area),AG.LND.FRST.ZS,India,IND,21.5051846669739,21.9932126772927,23.4731046451791,23.5331070121654,23.5931093791517,23.6531143737871,23.7131167407734,23.7731191077597,23.833121474746,..,..,..
Forest area (% of land area),AG.LND.FRST.ZS,Indonesia,IDN,65.4377142478624,54.874501123335,52.1271604188632,51.7493674340489,51.3715744492347,50.9937771518628,50.6159841670485,50.2381911822342,49.8603981974199,..,..,..
Forest area (% of land area),AG.LND.FRST.ZS,"Iran, Islamic Rep.",IRN,5.57237381217153,5.725619585605,6.56449106605639,6.56449106605639,6.56449106605639,6.56449106605639,6.56449106605639,6.56449106605639,6.56449106605639,..,..,..
Forest area (% of land area),AG.LND.FRST.ZS,Iraq,IRQ,1.8382605116949,1.87027002309258,1.89952109044023,1.89952109044023,1.89952109044023,1.90036114959972,1.90036114959972,1.90036114959972,1.90036114959972,..,..,..
Forest area (% of land area),AG.LND.FRST.ZS,Ireland,IRL,6.74989113078821,9.2168676470755,10.5331688907361,10.6156190674785,10.6980692442209,10.7803741202574,10.8628251829797,10.945275359722,11.0277255364644,..,..,..
Forest area (% of land area),AG.LND.FRST.ZS,Isle of Man,IMN,6.070175505521,6.070175505521,6.070175505521,6.070175505521,6.070175505521,6.070175505521,6.070175505521,6.070175505521,6.070175505521,..,..,..
Forest area (% of land area),AG.LND.FRST.ZS,Israel,ISR,6.09981515711645,7.07024029574861,7.11645101663586,7.21811446156386,7.31977790649187,7.42144205653956,7.52310550146756,7.62476894639556,7.72643239132357,..,..,..
Forest area (% of land area),AG.LND.FRST.ZS,Italy,ITA,25.8066709734453,28.4553398388358,30.692867342082,30.8757727772064,31.0586782123309,31.2415869675155,31.4244924026399,31.6073978377643,31.7903032728888,..,..,..
Forest area (% of land area),AG.LND.FRST.ZS,Jamaica,JAM,31.8190218008787,31.4773770910881,31.1265010252554,31.0914128550972,31.0563246849392,31.021236514781,30.9861483446229,30.951062992339,30.9159748221809,..,..,..
Forest area (% of land area),AG.LND.FRST.ZS,Japan,JPN,68.4311574328031,68.2469135802469,68.4844328624331,68.4791057333598,68.4737787504115,68.4693856121077,68.4649978312898,68.4606100504718,68.4562222696538,..,..,..
Forest area (% of land area),AG.LND.FRST.ZS,Jordan,JOR,1.10494106980961,1.10494106980961,1.09822031989187,1.09822031989187,1.09822031989187,1.09822031989187,1.09822031989187,1.09822031989187,1.09822031989187,..,..,..
Forest area (% of land area),AG.LND.FRST.ZS,Kazakhstan,KAZ,1.26754824610142,1.24643478905064,1.22569174352706,1.22569174352706,1.22569174352706,1.22569174352706,1.22569174352706,1.22569174352706,1.22569174352706,..,..,..
Forest area (% of land area),AG.LND.FRST.ZS,Kenya,KEN,8.30024247109674,6.24978037038339,7.43226622623608,7.49657394956645,7.56088167289683,7.62518853829901,7.68949626162939,7.75380398495976,7.81811170829014,..,..,..
Forest area (% of land area),AG.LND.FRST.ZS,Kiribati,KIR,14.9999995290498,14.9999995290498,14.9999995290498,14.9999995290498,14.9999995290498,14.9999995290498,14.9999995290498,14.9999995290498,14.9999995290498,..,..,..
Forest area (% of land area),AG.LND.FRST.ZS,"Korea, Dem. People’s Rep.",PRK,68.1089610497467,57.5782742297151,47.0558923677435,46.0011626941284,44.9464330205132,43.8917033468981,42.836973673283,41.7822439996678,40.7275143260527,..,..,..
Forest area (% of land area),AG.LND.FRST.ZS,"Korea, Rep.",KOR,66.0377358490566,65.1876425461331,64.0123456790124,63.9407336386845,63.7837817766673,63.6298364283307,63.5492158232192,63.4614397865463,63.3548364929779,..,..,..
Forest area (% of land area),AG.LND.FRST.ZS,Kosovo,XKX,..,..,..,..,..,..,..,..,..,..,..,..
Forest area (% of land area),AG.LND.FRST.ZS,Kuwait,KWT,0.193602696278548,0.272166100147731,0.350729517396184,0.350729517396184,0.350729517396184,0.350729517396184,0.350729517396184,0.350729517396184,0.350729517396184,..,..,..
Forest area (% of land area),AG.LND.FRST.ZS,Kyrgyz Republic,KGZ,4.35870698644421,4.47497386753373,3.52971845672576,3.48800834202294,3.44629822732013,3.40458811261731,3.36287799791449,3.32116788321168,3.27945776850886,..,..,..
Forest area (% of land area),AG.LND.FRST.ZS,Lao PDR,LAO,76.4510415538345,71.6030772719887,77.1904703070841,78.0100973516031,78.8297243961222,79.6493514406413,80.4689784851603,81.2886055296794,82.1082325741984,..,..,..
Forest area (% of land area),AG.LND.FRST.ZS,Latvia,LVA,51.0161425172037,52.1094595972708,53.8881748071979,53.9292588801246,53.953040347831,53.9507951627574,53.9659070063726,53.972338372467,53.9787697385614,..,..,..
Forest area (% of land area),AG.LND.FRST.ZS,Lebanon,LBN,12.8054740957967,12.8054740957967,13.3822085920317,13.3900289078728,13.397849223714,13.405669539555,13.4134898553962,13.4213101712373,13.4291304870785,..,..,..
Forest area (% of land area),AG.LND.FRST.ZS,Lesotho,LSO,1.31752305665349,1.38339920948617,1.44927536231884,1.48221343873518,1.51515151515152,1.54808959156785,1.58102766798419,1.61396574440053,1.64690382081686,..,..,..
Forest area (% of land area),AG.LND.FRST.ZS,Liberia,LBR,51.1731727574751,48.0585548172757,44.9439368770764,44.6324750830565,44.3210132890365,44.0095514950166,43.6980897009967,43.3866279069767,43.0751661129568,..,..,..
Forest area (% of land area),AG.LND.FRST.ZS,Libya,LBY,0.123327687918433,0.123327687918433,0.123327687918433,0.123327687918433,0.123327687918433,0.123327687918433,0.123327687918433,0.123327687918433,0.123327687918433,..,..,..
Forest area (% of land area),AG.LND.FRST.ZS,Liechtenstein,LIE,40.625,43.1250005960464,43.1250005960464,43.1250005960464,43.1250005960464,43.1250005960464,43.1250005960464,43.1250005960464,43.1250005960464,..,..,..
Forest area (% of land area),AG.LND.FRST.ZS,Lithuania,LTU,31.0306317804722,32.2271857051691,34.6230554447547,34.6555195749957,34.6874307348254,34.7187873952932,34.7645650438946,34.7964884277733,34.8328586566054,..,..,..
Forest area (% of land area),AG.LND.FRST.ZS,Luxembourg,LUX,..,35.6790110898116,35.6790110898116,35.6790110898116,35.6790110898116,35.6790110898116,35.6790110898116,35.6790110898116,35.6790110898116,..,..,..
Forest area (% of land area),AG.LND.FRST.ZS,"Macao SAR, China",MAC,..,..,..,..,..,..,..,..,..,..,..,..
Forest area (% of land area),AG.LND.FRST.ZS,Madagascar,MDG,23.5443821577192,22.3939883756921,21.5857894555835,21.5488273360892,21.5213262403424,21.4936404262633,21.4661395668615,21.4386387074596,21.4111378480578,..,..,..
Forest area (% of land area),AG.LND.FRST.ZS,Malawi,MWI,41.3237165888842,37.834111158252,34.3338990241833,34.142978362325,33.9520577004667,33.7611370386084,33.5702163767501,33.3792957148918,33.1883750530335,..,..,..
Forest area (% of land area),AG.LND.FRST.ZS,Malaysia,MYS,68.1053112159489,65.7160249581494,67.3383046720438,67.3815225041851,67.4247462810075,67.4679641131487,67.5111878899711,67.5544057221123,67.5976235542535,..,..,..
Forest area (% of land area),AG.LND.FRST.ZS,Maldives,MDV,3.33333333333333,3.33333333333333,3.33333333333333,3.33333333333333,3.33333333333333,3.33333333333333,3.33333333333333,3.33333333333333,3.33333333333333,..,..,..
Forest area (% of land area),AG.LND.FRST.ZS,Mali,MLI,5.48275268605709,4.83531253329399,4.1878723805309,4.12312836525459,4.05838434997828,3.99364033470197,3.92889631942566,3.86415230414935,3.79940828887304,..,..,..
Forest area (% of land area),AG.LND.FRST.ZS,Malta,MLT,1.09374998137355,1.09374998137355,1.09374998137355,1.09374998137355,1.09374998137355,1.09374998137355,1.09374998137355,1.09374998137355,1.09374998137355,..,..,..
Forest area (% of land area),AG.LND.FRST.ZS,Marshall Islands,MHL,..,70.2222241295711,70.2222241295711,70.2222241295711,70.2222241295711,70.2222241295711,70.2222241295711,70.2222241295711,70.2222241295711,..,..,..
Forest area (% of land area),AG.LND.FRST.ZS,Mauritania,MRT,0.402638983215291,0.307557970311439,0.234791889007471,0.231396138546619,0.228000388085767,0.224604637624915,0.221208887164063,0.217813136703211,0.21441738624236,..,..,..
Forest area (% of land area),AG.LND.FRST.ZS,Mauritius,MUS,20.2463046670547,20.6403948403344,18.9162569093,18.935959914635,18.9556647991312,18.9753696836274,18.9950745681236,19.0147775734587,19.0344824579549,..,..,..
Forest area (% of land area),AG.LND.FRST.ZS,Mexico,MEX,35.8856966485764,34.9062475886725,34.2076699503588,34.1605485930708,34.1134272357828,34.0663098973739,34.0191885400859,33.9720671827979,33.9249458255099,..,..,..
Forest area (% of land area),AG.LND.FRST.ZS,"Micronesia, Fed. Sts.",FSM,..,91.2285723005023,91.6142817905971,91.6571480887277,91.6857147216797,91.7285701206753,91.7714255196707,91.8142809186663,91.8571472167969,..,..,..
Forest area (% of land area),AG.LND.FRST.ZS,Moldova,MDA,9.70489808335869,9.85401459854015,11.7503805175038,11.8904111447037,12.0267806514617,12.1593670253336,12.3030116792359,12.4391727493917,12.575251021694,..,..,..
Forest area (% of land area),AG.LND.FRST.ZS,Monaco,MCO,..,..,..,..,..,..,..,..,..,..,..,..
Forest area (% of land area),AG.LND.FRST.ZS,Mongolia,MNG,8.06920878498416,7.54203249311259,8.39311014399991,8.33049249586434,8.26787484772876,8.20525782818977,8.1426401800542,8.08002253191862,8.01740488378305,..,..,..
Forest area (% of land area),AG.LND.FRST.ZS,Montenegro,MNE,46.542750929368,46.542750929368,61.4869888475836,61.4869888475836,61.4869888475836,61.4869888475836,61.4869888475836,61.4869888475836,61.4869888475836,..,..,..
Forest area (% of land area),AG.LND.FRST.ZS,Morocco,MAR,11.1001568451714,11.1875420120995,12.7089401747703,12.6910150123236,12.6730898498768,12.65516468743,12.6372395249832,12.6193143625364,12.6013892000896,..,..,..
Forest area (% of land area),AG.LND.FRST.ZS,Mozambique,MOZ,55.1616266944734,52.3767135481574,49.5587375060403,49.2962709663267,49.0337994592309,48.7713329195173,48.5088614124215,48.2463948727078,47.9839283329942,..,..,..
Forest area (% of land area),AG.LND.FRST.ZS,Myanmar,MMR,60.0085687180586,53.3525109404168,48.6376021798365,47.798986069548,46.9726697064227,46.1410558909322,45.3044043465196,44.4677528021069,43.6311012576943,..,..,..
Forest area (% of land area),AG.LND.FRST.ZS,Namibia,NAM,10.6426654034423,9.75597905962662,8.85471704988522,8.76459061167693,8.67446476655401,8.58433832834572,8.4942124832228,8.40408604501452,8.31395960680623,..,..,..
Forest area (% of land area),AG.LND.FRST.ZS,Nauru,NRU,0,0,0,0,0,0,0,0,0,..,..,..
Forest area (% of land area),AG.LND.FRST.ZS,Nepal,NPL,33.6853146853147,27.2061388210673,25.364492500872,25.364492500872,25.364492500872,25.364492500872,25.364492500872,25.364492500872,25.364492500872,..,..,..
Forest area (% of land area),AG.LND.FRST.ZS,Netherlands,NLD,10.2191943127962,10.6635071090047,11.0584049807293,11.0794782355728,11.0972720108847,11.1249625346681,11.1427721548378,11.1605817750074,11.1783913951771,..,..,..
Forest area (% of land area),AG.LND.FRST.ZS,New Caledonia,NCL,45.8971553610503,45.8971553610503,45.8971553610503,45.8971553610503,45.8971553610503,45.8971553610503,45.8971553610503,45.8971553610503,45.8971553610503,..,..,..
Forest area (% of land area),AG.LND.FRST.ZS,New Zealand,NZL,36.6791994227337,38.5059435646196,38.5515172230451,38.5522775257776,38.5530378285101,38.5537944224488,38.5545547251813,38.5553150279139,38.5560753306464,..,..,..
Forest area (% of land area),AG.LND.FRST.ZS,Nicaragua,NIC,37.5103872361642,31.6935349842114,25.8766827322586,25.8766827322586,25.8766827322586,25.8766827322586,25.8766827322586,25.8766827322586,25.8766827322586,..,..,..
Forest area (% of land area),AG.LND.FRST.ZS,Niger,NER,1.53548590826557,1.04839346332991,0.9505013025973,0.940712067250288,0.930922831903276,0.921133692925026,0.911344457578006,0.901555222230994,0.891765986883982,..,..,..
Forest area (% of land area),AG.LND.FRST.ZS,Nigeria,NGA,18.922450234417,14.4240587634639,9.92676526455636,9.47703634356094,9.0273063503272,8.57757742933178,8.12784797221719,7.67811851510261,7.22838905798802,..,..,..
Forest area (% of land area),AG.LND.FRST.ZS,North Macedonia,MKD,35.863153755407,37.6720408965788,39.5717684377478,39.5717684377478,39.5717684377478,39.5717684377478,39.5717684377478,39.5717684377478,39.5717684377478,..,..,..
Forest area (% of land area),AG.LND.FRST.ZS,Northern Mariana Islands,MNP,..,69.4782588792885,65.9130428148352,65.5434774315876,65.1956516763439,64.8478259211002,64.4782605378524,64.1304347826087,63.782609027365,..,..,..
Forest area (% of land area),AG.LND.FRST.ZS,Norway,NOR,33.2161528156585,33.1641327939393,33.1340159392598,33.1394917310197,33.1449675227796,33.1614270832743,33.1669046893336,33.172382295393,33.1778599014523,..,..,..
Forest area (% of land area),AG.LND.FRST.ZS,Oman,OMN,0.00646203554119548,0.00646203554119548,0.00646203554119548,0.00646203554119548,0.00646203554119548,0.00646203554119548,0.00646203554119548,0.00646203554119548,0.00646203554119548,..,..,..
Forest area (% of land area),AG.LND.FRST.ZS,Pakistan,PAK,3.27807181403072,2.74491490244915,2.18840805313408,2.13262764632628,2.07684723951847,2.02106683271067,1.96528642590286,1.90950601909506,1.85372561228726,..,..,..
Forest area (% of land area),AG.LND.FRST.ZS,Palau,PLW,..,86.0652177230172,87.6086939936098,87.6086939936098,87.6086939936098,87.6086939936098,87.6086939936098,87.6086939936098,87.6086939936098,..,..,..
Forest area (% of land area),AG.LND.FRST.ZS,Panama,PAN,67.7966101694915,65.469464622007,63.2095776163573,62.9889709127825,62.7683642092077,62.5477509374159,62.3271442338411,62.1065375302664,61.8859308266915,..,..,..
Forest area (% of land area),AG.LND.FRST.ZS,Papua New Guinea,PNG,74.2547365631763,74.1951154882304,74.1354944132845,74.1293097618469,74.1231251104094,74.1169490847061,74.1107644332686,74.104579781831,74.0983951303935,..,..,..
Forest area (% of land area),AG.LND.FRST.ZS,Paraguay,PRY,53.2519506670023,48.7490561288699,42.6629750818022,41.8439456566197,41.0249186894349,40.2058892642525,39.3868622970677,38.5678328718852,37.7488034467027,..,..,..
Forest area (% of land area),AG.LND.FRST.ZS,Peru,PER,60.87578125,59.48984375,58.44609375,58.3151550292969,58.1842163085937,58.0532836914063,57.9223449707031,57.79140625,57.6604675292969,..,..,..
Forest area (% of land area),AG.LND.FRST.ZS,Philippines,PHL,21.9841030284737,23.5670925981822,22.9399335949291,23.7448435456283,24.5497534963276,25.3546634470269,26.1595733977261,26.9644833484254,27.7693932991247,..,..,..
Forest area (% of land area),AG.LND.FRST.ZS,Poland,POL,28.9953965196382,29.5765451043129,30.4590570719603,30.5332599526908,30.6034889642251,30.6737193735508,30.7449616404438,30.8142003331265,30.8834390258091,..,..,..
Forest area (% of land area),AG.LND.FRST.ZS,Portugal,PRT,37.551912568306,36.5355191256831,35.3641227208211,35.2396560504012,35.1151867143998,34.9849158434229,34.8603147857136,34.7358693055412,34.6114238253689,..,..,..
Forest area (% of land area),AG.LND.FRST.ZS,Puerto Rico,PRI,32.3562570462232,50.742953363911,54.0484784286481,54.4216461353667,54.7948138420853,55.1668530521157,55.540024199373,55.9131919060914,56.28635961281,..,..,..
Forest area (% of land area),AG.LND.FRST.ZS,Qatar,QAT,0,0,0,0,0,0,0,0,0,..,..,..
Forest area (% of land area),AG.LND.FRST.ZS,Romania,ROU,27.7785044691519,27.7132036045449,28.3199304499022,28.6058139432267,28.92531041798,29.2248841353573,29.5192967867155,29.8200625869263,30.1208283871371,..,..,..
Forest area (% of land area),AG.LND.FRST.ZS,Russian Federation,RUS,49.3564653949524,49.4018499097143,49.7735907410879,49.7710833938353,49.7685798629408,49.7660763320464,49.7635689847938,49.7610654538993,49.7585619230048,..,..,..
Forest area (% of land area),AG.LND.FRST.ZS,Rwanda,RWA,12.8901499797325,13.9440616132955,18.0786380218889,18.3542759543157,18.6299151237745,18.9055530562012,19.18119222566,19.4568301580867,19.7324680905135,..,..,..
Forest area (% of land area),AG.LND.FRST.ZS,Samoa,WSM,45.9363957597173,60.4240282685512,60.4240282685512,60.4240282685512,60.4240282685512,60.4240282685512,60.4240282685512,60.4240282685512,60.4240282685512,..,..,..
Forest area (% of land area),AG.LND.FRST.ZS,San Marino,SMR,0,0,0,0,0,0,0,0,0,..,..,..
Forest area (% of land area),AG.LND.FRST.ZS,Sao Tome and Principe,STP,58.3333333333333,58.3333333333333,55.8333317438761,55.8333317438761,55.8333317438761,55.8333317438761,55.8333317438761,55.8333317438761,55.8333317438761,..,..,..
Forest area (% of land area),AG.LND.FRST.ZS,Saudi Arabia,SAU,0.454484134921779,0.454484134921779,0.454484134921779,0.454484134921779,0.454484134921779,0.454484134921779,0.454484134921779,0.454484134921779,0.454484134921779,..,..,..
Forest area (% of land area),AG.LND.FRST.ZS,Senegal,SEN,48.5534721861528,46.2161741027372,44.0087259128448,43.8009660832078,43.5932062535709,43.3854464239339,43.177686594297,42.9699267646601,42.7621669350231,..,..,..
Forest area (% of land area),AG.LND.FRST.ZS,Serbia,SRB,28.3100846101075,28.3100846101075,31.0198948090556,31.0359010101046,31.0519100026084,31.0679162036574,31.0839251961611,31.0999313972102,31.1159375982592,..,..,..
Forest area (% of land area),AG.LND.FRST.ZS,Seychelles,SYC,88.4130394977072,88.4130394977072,88.4130394977072,88.4130394977072,88.4130394977072,88.4130394977072,88.4130394977072,88.4130394977072,88.4130394977072,..,..,..
Forest area (% of land area),AG.LND.FRST.ZS,Sierra Leone,SLE,43.197561651427,40.4821280133001,37.7666943751732,38.6478262351933,39.5289547128274,40.4100865728475,41.2912150504814,42.1723469105015,43.0534787705216,..,..,..
Forest area (% of land area),AG.LND.FRST.ZS,Singapore,SGP,24.4029856439846,24.4029856439846,23.2905998464991,23.2244318566662,23.1586412674823,23.1258855547606,23.0606488428662,23.0606488428662,23.0606488428662,..,..,..
Forest area (% of land area),AG.LND.FRST.ZS,Sint Maarten (Dutch part),SXM,..,..,..,..,..,..,..,..,..,..,..,..
Forest area (% of land area),AG.LND.FRST.ZS,Slovak Republic,SVK,39.95841995842,39.9376299376299,40.3193936625479,40.3260694962097,40.3302300612219,40.3343880877567,40.3452589190543,40.3477376397784,40.3535763554883,..,..,..
Forest area (% of land area),AG.LND.FRST.ZS,Slovenia,SVN,58.987090367428,61.2214498510427,61.897529212573,61.9080694076319,61.9189235256802,61.9463741601758,61.9563082834225,61.9582374643486,61.9700119864299,..,..,..
Forest area (% of land area),AG.LND.FRST.ZS,Solomon Islands,SLB,83.0296534476599,81.0289389067524,79.0639514112183,78.8638764681583,78.6638102475216,78.4637353044616,78.2636690838246,78.0635941407646,77.8635191977045,..,..,..
Forest area (% of land area),AG.LND.FRST.ZS,Somalia,SOM,13.2017725635222,11.9791500621672,10.7549335288679,10.6325121868724,10.5100900665409,10.3876687245453,10.2652466042138,10.1428252622183,10.0204039202227,..,..,..
Forest area (% of land area),AG.LND.FRST.ZS,South Africa,ZAF,7.61773652408313,7.61773652408313,7.61773652408313,7.61773652408313,7.61773652408313,7.61773652408313,7.61773652408313,7.61773652408313,7.61773652408313,..,..,..
Forest area (% of land area),AG.LND.FRST.ZS,South Sudan,SSD,..,..,..,..,..,..,..,..,..,..,..,..
Forest area (% of land area),AG.LND.FRST.ZS,Spain,ESP,27.6499484109703,34.0219227517535,36.4936685641287,36.5714373012023,36.6155628698447,36.683792026099,36.7520446100138,36.8607287034131,36.9362095289658,..,..,..
Forest area (% of land area),AG.LND.FRST.ZS,Sri Lanka,LKA,36.4216233455589,34.9545527029182,33.5353213203636,33.4300733909066,33.3248293546186,33.2195814251615,33.1143373888734,33.0090894594164,32.9038415299593,..,..,..
Forest area (% of land area),AG.LND.FRST.ZS,St. Kitts and Nevis,KNA,42.3076923076923,42.3076923076923,42.3076923076923,42.3076923076923,42.3076923076923,42.3076923076923,42.3076923076923,42.3076923076923,42.3076923076923,..,..,..
Forest area (% of land area),AG.LND.FRST.ZS,St. Lucia,LCA,35.7377036673123,34.7540996113762,33.7704924286389,33.6721326484054,33.573769741371,33.4754099611375,33.3770501809043,33.2786872738697,33.1803274936364,..,..,..
Forest area (% of land area),AG.LND.FRST.ZS,St. Martin (French part),MAF,18.3823529411765,18.3823529411765,18.3823529411765,18.3823529411765,18.3823529411765,18.3823529411765,18.3823529411765,18.3823529411765,..,..,..,..
Forest area (% of land area),AG.LND.FRST.ZS,St. Vincent and the Grenadines,VCT,64.1025641025641,66.6666666666667,69.2307692307692,69.2307692307692,69.2307692307692,69.2307692307692,69.2307692307692,69.2307692307692,69.2307692307692,..,..,..
Forest area (% of land area),AG.LND.FRST.ZS,Sudan,SDN,..,..,..,..,..,..,..,..,..,..,..,..
Forest area (% of land area),AG.LND.FRST.ZS,Suriname,SUR,98.9102564102564,98.6602564102564,98.4038461538461,98.3794884314904,98.3551307091346,98.3307667267628,98.306409004407,98.2820512820513,98.2576935596955,..,..,..
Forest area (% of land area),AG.LND.FRST.ZS,Sweden,SWE,68.3896281132719,68.6333284593264,68.4139981478774,68.4139981478774,68.9178573182108,68.9178573182108,68.9229333922565,68.9229333922565,68.9229333922565,..,..,..
Forest area (% of land area),AG.LND.FRST.ZS,Switzerland,CHE,29.1178635542365,30.2094937127178,31.2531625032729,31.3493273158607,31.445489039312,31.5416538518996,31.6378155753511,31.7339803879387,31.8301452005265,..,..,..
Forest area (% of land area),AG.LND.FRST.ZS,Syrian Arab Republic,SYR,2.0241593209272,2.35063663075416,2.67385503458041,2.67385503458041,2.67385503458041,2.67385503458041,2.67385503458041,2.67385503458041,2.67385503458041,..,..,..
Forest area (% of land area),AG.LND.FRST.ZS,Tajikistan,TJK,2.9151186053158,2.92940840240069,2.92940840240069,2.93226631820866,2.93512423401664,2.93798236786961,2.96571713060646,2.96851358167015,2.97139558971456,..,..,..
Forest area (% of land area),AG.LND.FRST.ZS,Tanzania,TZA,63.1293745766539,58.6136825468503,54.0979905170467,53.678031158275,53.2580717995033,52.8381124407315,52.4181530819598,51.9981937231881,51.5782343644163,..,..,..
Forest area (% of land area),AG.LND.FRST.ZS,Thailand,THA,27.4129460353501,33.296795787743,31.8052809802501,31.8640020356633,31.9227230910764,31.9814441464895,32.0401652019026,32.0988862573157,32.1576073127288,..,..,..
Forest area (% of land area),AG.LND.FRST.ZS,Timor-Leste,TLS,64.9630127774042,57.4310692669805,49.8991257565568,49.1459305845978,48.3927354126387,47.6395443452631,46.886349173304,46.133154001345,45.3799588293859,..,..,..
Forest area (% of land area),AG.LND.FRST.ZS,Togo,TGO,12.5942268799412,8.93546607832322,5.27670527670528,4.91266799424584,4.54863015069836,4.18459286823894,3.82055530523548,3.45651774223203,3.09248017922857,..,..,..
Forest area (% of land area),AG.LND.FRST.ZS,Tonga,TON,12.5,12.5,12.5,12.5,12.5,12.5,12.5,12.5,12.5,..,..,..
Forest area (% of land area),AG.LND.FRST.ZS,Trinidad and Tobago,TTO,46.920077377825,45.5360635679368,44.1325524164686,44.4483439127604,44.7621841876829,45.0779727095517,45.3918129844741,45.7076015063429,46.0233930026347,..,..,..
Forest area (% of land area),AG.LND.FRST.ZS,Tunisia,TUN,4.13877445932029,5.38748712667353,6.37229660144181,6.43795064499891,6.503604688556,6.56925833925038,6.63491277567025,6.70056642636457,6.76622007705896,..,..,..
Forest area (% of land area),AG.LND.FRST.ZS,Turkey,TUR,12.5021114041812,13.2310330938243,14.5563452568117,14.6893967109195,14.8224468961546,14.9554983502625,15.0885485354976,15.2215999896054,15.3546514437132,..,..,..
Forest area (% of land area),AG.LND.FRST.ZS,Turkmenistan,TKM,8.78215904496414,8.78215904496414,8.78215904496414,8.78215904496414,8.78215904496414,8.78215904496414,8.78215904496414,8.78215904496414,8.78215904496414,..,..,..
Forest area (% of land area),AG.LND.FRST.ZS,Turks and Caicos Islands,TCA,36.2105279219778,36.2105279219778,36.2105279219778,36.2105279219778,36.2105279219778,36.2105279219778,36.2105279219778,36.2105279219778,36.2105279219778,..,..,..
Forest area (% of land area),AG.LND.FRST.ZS,Tuvalu,TUV,33.3333333333333,33.3333333333333,33.3333333333333,33.3333333333333,33.3333333333333,33.3333333333333,33.3333333333333,33.3333333333333,33.3333333333333,..,..,..
Forest area (% of land area),AG.LND.FRST.ZS,Uganda,UGA,23.7775887092738,19.3633952254642,13.7293038100938,13.0550570956919,12.3808103812899,11.7065624493504,11.0323157349485,10.3580690205466,9.68382230614467,..,..,..
Forest area (% of land area),AG.LND.FRST.ZS,Ukraine,UKR,16.0075947182187,16.4149477863122,16.4813919768004,16.5190219648683,16.5566519529362,16.5942836267089,16.6327749405522,16.6704068773844,16.7080388142165,..,..,..
Forest area (% of land area),AG.LND.FRST.ZS,United Arab Emirates,ARE,3.44973246972684,4.36496761475641,4.46775538993198,4.48268072868999,4.49760649715198,4.51253183591,4.52745717466801,4.54238251342602,4.55730785218402,..,..,..
Forest area (% of land area),AG.LND.FRST.ZS,United Kingdom,GBR,11.4826602736329,12.2101434299177,12.6441532674741,12.7144215268879,12.7846897863018,12.8549580457157,12.9252263051296,12.9954945645435,13.0657628239573,..,..,..
Forest area (% of land area),AG.LND.FRST.ZS,United States,USA,33.0223082096657,33.1301735880689,33.7494069366007,33.7794700582241,33.8095331798474,33.8395963014708,33.8696594230942,33.8997225447175,33.9297856663409,..,..,..
Forest area (% of land area),AG.LND.FRST.ZS,Uruguay,URY,4.55833612040321,7.82596246812867,9.89201262043269,10.0219405728631,10.1518685252936,10.281796477724,10.4117244301544,10.5416523825848,10.6715803350153,..,..,..
Forest area (% of land area),AG.LND.FRST.ZS,Uzbekistan,UZB,7.15796897038082,7.55054066760696,7.69981194170193,7.67367156279384,7.64753175779415,7.62139137888606,7.59525157388634,7.56911119497826,7.54297138997856,..,..,..
Forest area (% of land area),AG.LND.FRST.ZS,Vanuatu,VUT,36.0951599671862,36.0951599671862,36.0951599671862,36.0951599671862,36.0951599671862,36.0951599671862,36.0951599671862,36.0951599671862,36.0951599671862,..,..,..
Forest area (% of land area),AG.LND.FRST.ZS,"Venezuela, RB",VEN,58.9830508474576,55.7235984354628,53.8574910719347,53.671108851539,53.4847222025395,53.2983399821439,53.1119533331444,52.9255711127487,52.739188892353,..,..,..
Forest area (% of land area),AG.LND.FRST.ZS,Vietnam,VNM,28.7658607023257,37.7001221629268,45.5639049246944,45.9799400135453,46.3959751023962,46.8120101912471,47.228045280098,47.6440803689489,48.0601154577999,..,..,..
Forest area (% of land area),AG.LND.FRST.ZS,Virgin Islands (U.S.),VIR,67.371428353446,58.48571232387,51.8857138497488,51.5714263916014,51.2571443830217,50.9142848423549,50.5999973842077,50.2857153756277,49.9714279174806,..,..,..
Forest area (% of land area),AG.LND.FRST.ZS,West Bank and Gaza,PSE,1.50830563516712,1.50830563516712,1.5232558266269,1.5232558266269,1.5232558266269,1.5232558266269,1.5232558266269,1.5232558266269,1.5232558266269,..,..,..
Forest area (% of land area),AG.LND.FRST.ZS,"Yemen, Rep.",YEM,1.03983180862549,1.03983180862549,1.03983180862549,1.03983180862549,1.03983180862549,1.03983180862549,1.03983180862549,1.03983180862549,1.03983180862549,..,..,..
Forest area (% of land area),AG.LND.FRST.ZS,Zambia,ZMB,71.0259755982728,68.7848908379182,66.5438060775636,66.3196954996704,66.0955901764215,65.8714795985284,65.6473742752795,65.4232636973863,65.1991531194931,..,..,..
Forest area (% of land area),AG.LND.FRST.ZS,Zimbabwe,ZWE,57.2935246219465,48.8406359053897,40.3877471888329,39.5801980337986,38.7726514031601,37.9651022481259,37.1575556174874,36.3500064624532,35.5424573074189,..,..,..
Forest area (% of land area),AG.LND.FRST.ZS,World,WLD,31.6245086168632,31.1706901936844,30.869964085276,30.8443891425701,30.8198468330224,30.7946739562124,30.7695680405394,30.7442644053976,30.716420940783,..,..,..
,,,,,,,,,,,,,,,
,,,,,,,,,,,,,,,
,,,,,,,,,,,,,,,
Data from database: World Development Indicators,,,,,,,,,,,,,,,
Last Updated: 07/01/2020,,,,,,,,,,,,,,,
